부스명,대표자,위치,부스,대표 작품(원작),그 외 다루는 작품,쁘띠존,캐릭터,커플링,커플링 성향,그 외 커플링,매체,링크
*Starry Galaxy*,"히재, 쉐릴",,2sp,데못죽,,,"이세진, 박문대, 차유진, 김래빈",이세진X박문대,"로맨틱,섹슈얼","큰세문대, 유진래빈","소설,만화,일러스트",https://dongne.co/event/vidol04/circles/149388
888 정육점,08,,2sp,앙상블스타즈,,,오토가리 아도니스,,,,"만화,일러스트",https://dongne.co/event/vidol04/circles/105616
A3 부스내는 견과류,아몬드,,1sp,A3!,,,"올캐릭, 여름조",,,,소설,https://dongne.co/event/vidol04/circles/103875
CRAYON BOX,크레용,,2sp,아이돌리쉬 세븐,,,"야오토메 가쿠, 쿠죠 텐, 츠나시 류노스케",야오토메 가쿠X쿠죠 텐,섹슈얼,"류텐, 토리피",만화,https://dongne.co/event/vidol04/circles/107765
fortissimo,우쨔,,2sp,앙상블 스타즈!!,,,"츠키나가 레오, 세나 이즈미",츠키나가 레오X세나 이즈미,"섹슈얼,로맨틱",,만화,https://dongne.co/event/vidol04/circles/141897
Mr.Perfection,"따깨, 줏시",,1sp,아이돌리쉬 세븐,앙스타,,"이즈미 이오리, 나나세 리쿠",이즈미 이오리X나나세 리쿠,"로맨틱,섹슈얼","텐리쿠, 토마리쿠, 히요쥰","소설,일러스트",https://dongne.co/event/vidol04/circles/106711
SNBR,시나브로,,1sp,앙상블스타즈!!,,,"아마기 히이로, 시라토리 아이라, 오우카와 코하쿠",아마기 히이로X시라토리 아이라,로맨틱,코하아이,만화,https://dongne.co/event/vidol04/circles/107895
win-win을 위한 전략적 협력 관계 제안,코코아,,1sp,SHOW BY ROCK!!,,,"리카오, 쿠스카, yokazenohorizon",쿠스카X리카오,로맨틱,,일러스트,https://dongne.co/event/vidol04/circles/143708
가상아이돌운동회,꾸룩,,1sp,데뷔 못하면 죽는 병 걸림,,,"신청려, 박문대, 이세진, 배세진, 그외",이세진X배세진,섹슈얼,,"소설,일러스트",https://dongne.co/event/vidol04/circles/145270
감자 캐는 락커들,시츠,,1sp,앙상블 스타즈!!,보컬로이드,,리츠 (앙스타) 하츠네미쿠 (보컬로이드),호쿠토X스바루,로맨틱,"마오리츠,린네니키,와타에이",일러스트,https://dongne.co/event/vidol04/circles/142631
갓컾만 있는 부스,"루우, 나자",,2sp,앙상블 스타즈,,,"츠카사,레오",스오우 츠카사X츠키나가 레오,"로맨틱,섹슈얼",,"소설,만화",https://dongne.co/event/vidol04/circles/107360
군주님이 오른쪽에 묶여있음,뀨,,1sp,앙상블 스타즈,,,아마기 린네,시이나 니키X아마기 린네,"로맨틱,섹슈얼",아미기 히이로X아마기 린네,소설,https://dongne.co/event/vidol04/circles/148330
근성건강원,Gk,,1sp,SHOW BY ROCK!,,,"도콘조핑거 / 소준 , 핫친 , 죠 , 야스",소준X핫친,,죠X야스,"만화,일러스트",https://dongne.co/event/vidol04/circles/144296
기린댁....,기린,,1sp,앙상블스타즈 리츠마오,,,"사쿠마 리츠, 이사라 마오",사쿠마 리츠X이사라 마오,로맨틱,,소설,https://dongne.co/event/vidol04/circles/120825
나이 여든에 찾은 내 가수님,돌도리스,,1sp,아이돌 마스터 side M,앙상블스타즈!!,,아쿠노 히데오,프로듀서X아쿠노 히데오,섹슈얼,아마기 히이로x카제하야 타츠미,"만화,기타",https://dongne.co/event/vidol04/circles/103792
나이츠로 가보자고!,NEOSIO,,1sp,앙상블스타즈,,,나이츠+언데드,,,,"만화,기타",https://dongne.co/event/vidol04/circles/144229
난 나를 믿어!,멋타쿠,,1sp,앙상블스타즈!!,,,,,,,"만화,소설",https://dongne.co/event/vidol04/circles/141391
낡고지친,밤,,1sp,앙상블 스타즈,,,"니토나즈나,키류쿠로,이츠키슈",키류쿠로X이츠키슈,로맨틱,,"만화,일러스트,기타",https://dongne.co/event/vidol04/circles/104643
눈복숭아가 커피내리고 호랑뱀이 빵구워요,모람,,2sp,아이돌리쉬세븐,,,"유키, 모모",유키X모모,로맨틱,미도 토라오 x 나츠메 미나미,소설,https://dongne.co/event/vidol04/circles/142234
띄어쓰기없이보낼게나또부스냈다,브리,,4sp,앙상블 스타즈!,앙상블 스타즈!!,,"안즈, 신카이 카나타, 세나 이즈미, 오오가미 코가, 모리사와 치아키, 텐쇼인 에이치",신카이 카나타X안즈,"로맨틱,섹슈얼","코가안즈, 이즈안즈, 치아에이, 그 외 안즈른","만화,소설",https://dongne.co/event/vidol04/circles/103694
랸랸쩝쩝,랸랸,,1sp,앙상블스타즈,,,,,,,"공예,기타",https://dongne.co/event/vidol04/circles/103569
레오 군은 입만 움직여,온,,2sp,앙상블 스타즈!!,,,"츠키나가 레오, 세나 이즈미",츠키나가 레오X세나 이즈미,"섹슈얼,로맨틱",,"만화,일러스트",https://dongne.co/event/vidol04/circles/142727
멍멍이즘,나루세,,2sp,앙상블 스타즈!!(앙스타),,,,사쿠마 레이X오오가미 코가,,,만화,https://dongne.co/event/vidol04/circles/105477
문대른 게스트북,하현,,1sp,데뷔 못하면 죽는 병 걸림(데못죽),,,박문대,X박문대,로맨틱,"배세문대, 아현문대, 유진문대, 청려문대, 청우문대, 큰세문대, 래빈문대","만화,소설,일러스트",https://dongne.co/event/vidol04/circles/145203
미지근한 동인,아모,,1sp,앙상블 스타즈,,,츠키나가 레오,세나 이즈미X츠키나가 레오,"섹슈얼,로맨틱",,만화,https://dongne.co/event/vidol04/circles/107734
바삭바삭사쿠마,곰쟝,,1sp,앙스타,,,"사쿠마 레이, 사쿠마 리츠",,"섹슈얼,로맨틱",,"만화,일러스트",https://dongne.co/event/vidol04/circles/148423
병지먹방,할녀,,1sp,앙상블스타즈!,,,사쿠마 레이,,,,"만화,일러스트",https://dongne.co/event/vidol04/circles/104110
불사조의 노래,아를카미유,,2sp,뱅드림,,,"Roselia, 미나토 유키나, 히카와 사요, 이마이 리사, 시로카네 린코, 우다가와 아코",미나토 유키나X이마이 리사,해당없음,,소설,https://dongne.co/event/vidol04/circles/105177
블오화 데이터팝니다,기한,,1sp,아이돌리쉬 세븐,,,"유키, 모모",유키X모모,로맨틱,,"만화,일러스트",https://dongne.co/event/vidol04/circles/106838
사 탕 조 아,프리티 파이브 부흥회,,1sp,앙상블 스타즈!!,히프노시스 마이크,,"아야세 마요이, 프리티 파이브, 발키리, 유우키 마코토, 플링 포세",센고쿠 시노부X아야세 마요이,로맨틱,"슈미카, 마요이 오른쪽, 라무다 논컾, 레오이즈","소설,일러스트",https://dongne.co/event/vidol04/circles/106625
사과메론쨈,쨈,,1sp,데뷔 못하면 죽는 병 걸림,앙상블스타즈!!,,이세진,박문대X이세진,로맨틱,"청우큰세, 린히메",소설,https://dongne.co/event/vidol04/circles/143255
사랑하는 히어로들을 위하여,미야,,1sp,앙상블 스타즈,,웨딩플랜 A to Z,"타카미네 미도리, 모리사와 치아키",타카미네 미도리X모리사와 치아키,로맨틱,,기타,https://dongne.co/event/vidol04/circles/145223
수몰지구,히스,,2sp,앙상블 스타즈!,,,"신카이 카나타, 하카제 카오루, 츠키나가 레오, 세나 이즈미, 해양생물부, 나이츠",신카이 카나타X하카제 카오루,"로맨틱,섹슈얼",레오이즈,"기타,일러스트,만화",https://dongne.co/event/vidol04/circles/107381
아이마스는이유없다,미리링,,1sp,아이돌마스터 밀리언라이브,아이돌마스터 샤이니컬러즈,,,,,,일러스트,https://dongne.co/event/vidol04/circles/103588
은하도서관,kyren,,1sp,아이돌마스터 신데렐라 걸즈,백합,,하야미 카나데 & 사기사와 후미카,,"로맨틱,섹슈얼",카나후미,소설,https://dongne.co/event/vidol04/circles/105022
일해서 져버렸다,푸룽(furong_0),,1sp,아이돌마스터 신데렐라 걸즈,,,후타바안즈,프로듀서X안즈,"로맨틱,섹슈얼",,"일러스트,만화",https://dongne.co/event/vidol04/circles/109641
자칭 • 코리안 어메이징 사치코 아티스트.,옵스멜,,1sp,아이돌마스터 신데렐라 걸즈,,,코시미즈 사치코 外,,,,"만화,일러스트",https://dongne.co/event/vidol04/circles/104765
저는 김래빈의 남자친구인가요?,욘,,1sp,데뷔 못하면 죽는 병에 걸림,,그루밍: 고양이와 토끼의 서열 확인 방법,차유진 김래빈,차유진 X김래빈,로맨틱,,소설,https://dongne.co/event/vidol04/circles/149319
제22회 니카야마 산악회 정기산행,"레몬, 플러스",,1sp,아이돌리쉬세븐,,,니카이도 야마토,,"섹슈얼,로맨틱",,"만화,소설",https://dongne.co/event/vidol04/circles/103753
쮸뿝쮸뿝,SPiCa,,1sp,아이돌 마스터 시리즈,"아이돌 마스터 밀리언 라이브, 아이돌 마스터 신데렐라 걸즈, 아이돌 마스터 샤이니 컬러즈",,"미우라 아즈사, 오이카와 시즈쿠, 토요카와 후카, 츠키오카 코가네",,,,"만화,소설",https://dongne.co/event/vidol04/circles/106748
치요코퐁듀,리와,,1sp,아이돌마스터 샤이니컬러즈,,,소노다 치요코,,,,"만화,기타",https://dongne.co/event/vidol04/circles/107141
카무라 프로덕션,녹챠,,1sp,아이돌마스터 신데렐라 걸즈,프로젝트 세카이 컬러풀 스테이지!,,신데렐라 걸즈 아이돌 다수,,,시노노메 아키토×시노노메 에나,만화,https://dongne.co/event/vidol04/circles/144145
크레이지피자돌리기,"핏짜, 다네네네",,2sp,앙상블스타즈!!,,,아마기린네,,로맨틱,,"만화,일러스트",https://dongne.co/event/vidol04/circles/148357
트러플 이베리코 내장 국밥,dwune,,2sp,아이돌마스터 신데렐라 걸즈,,,"카미야 나오, 아베 나나, 아라키 히나",,해당없음,,만화,https://dongne.co/event/vidol04/circles/142507
포타 밖을 나온 겁 없는 문어,우루루슬라,,1sp,데뷔 못하면 죽는 병 걸림,,실낙원,"신청려, 박문대",,"로맨틱,섹슈얼","모브문대, 문대른",소설,https://dongne.co/event/vidol04/circles/147729
하무랜드 누이이불,하무,,1sp,앙상블스타즈!!,히프노시스마이크,,,,,,공예,https://dongne.co/event/vidol04/circles/145333
회지낸다랄라/누체공방,망고맛젤리/누체공방,,2sp,앙상블 스타즈,,,,,해당없음,,,https://dongne.co/event/vidol04/circles/108079
히어로도 배우도 모두 아이돌 아닌가요?,사나,,1sp,A3!,"에리오스, A3!",,,스메라기텐마X루리카와유키,"로맨틱,섹슈얼",가스트애들러X마리온블라이스,만화,https://dongne.co/event/vidol04/circles/105372
(주) 렬리공사,"렬리,04",,2sp,데못죽(데뷔 못하면 죽는 병 걸림),,실낙원,"청려,문대",청려X문대,"로맨틱,섹슈얼",청려건우,"일러스트,공예,기타,소설",https://dongne.co/event/vidol04/circles/143397
(주) 아이나나 유성애 위원회,YOU,,2sp,아이돌리쉬 세븐,,,,이즈미 이오리X나나세 리쿠,로맨틱,"야마토x소고, 나기x미츠키, 토라오x미나미",소설,https://dongne.co/event/vidol04/circles/107287
... 입니다,레크레카,,1sp,show by rock,,,,쿠스카X리카오,"로맨틱,섹슈얼",,"소설,공예",https://dongne.co/event/vidol04/circles/144607
180년 전통 정의와 마법의 빨간맛,릴리아,,1sp,앙상블 스타즈!!,,,"사카사키 나츠메, 안즈,유성대",,로맨틱,,,https://dongne.co/event/vidol04/circles/108311
2022 상반기 공로상,공로,,2sp,데뷔 못 하면 죽는 병,,,박문대,이세진X박문대,로맨틱,,소설,https://dongne.co/event/vidol04/circles/148789
3,이래,,1sp,앙상블 스타즈,,,"사쿠마리츠, 세나이즈미",,섹슈얼,,소설,https://dongne.co/event/vidol04/circles/143881
4825%,Sapphire,,2sp,,,,,,,,,https://dongne.co/event/vidol04/circles/145009
5111122321,니타,,2sp,아이돌리쉬 세븐,,,"요츠바 타마키, 오오사카 소고",요츠바 타마키X오오사카 소고,섹슈얼,,"만화,소설",https://dongne.co/event/vidol04/circles/107671
:: IT SHOW TIME ::,설탕,,1sp,앙상블스타즈,데뷔못하면죽는병,,언데드 나이츠,사쿠마레이X아멜 드림주,로맨틱,리츠이즈 레오이즈,"만화,일러스트",https://dongne.co/event/vidol04/circles/144060
AmericanoSoda,양어,,2sp,앙상블 스타즈,아이돌 마스터,,,,,,,https://dongne.co/event/vidol04/circles/106579
Dessert party,티니푸딩,,2sp,BanG Dream!,,,츠루마키 코코로,오쿠사와 미사키 X츠루마키 코코로,로맨틱,히카와 사요 x 이마이 리사,만화,https://dongne.co/event/vidol04/circles/105164
DSM,NU,,1sp,데뷔못하면죽는병걸림,,실낙원,,,"섹슈얼,로맨틱",,"만화,일러스트,소설",https://dongne.co/event/vidol04/circles/143606
ES빌딩 천장에는 프로듀서가 살고 있다,밤초,,1sp,앙상블스타즈,,,"스위치, 알칼로이드",,로맨틱,타츠마요,소설,https://dongne.co/event/vidol04/circles/141806
ES에서 피렌체까지,모어,,1sp,앙상블 스타즈!!,,,,세나 이즈미X스오우 츠카사,"로맨틱,섹슈얼",,소설,https://dongne.co/event/vidol04/circles/144808
MGR,jz,,1sp,데뷔 못 하면 죽는 병 걸림,,,,,,,,https://dongne.co/event/vidol04/circles/148274
Midnight Blue,"세르웬, 스잇",,2sp,프로젝트 세카이,,,,,,,"만화,일러스트,소설",https://dongne.co/event/vidol04/circles/148915
Minor Planet No.b13,非일상,,1sp,데뷔 못하면 죽는병 걸림,,,,,,,,https://dongne.co/event/vidol04/circles/144216
mix nuts!,Nenjyu,,1sp,앙스타,,,,,,,,https://dongne.co/event/vidol04/circles/108565
Mr. Perfection2,따깨,,1sp,아이돌리쉬세븐,앙상블스타즈,,"이즈미 이오리, 나나세 리쿠",이즈미 이오리X나나세 리쿠,"섹슈얼,로맨틱","토마리쿠, 히요쥰",,https://dongne.co/event/vidol04/circles/106722
Near the piece,니에즈피,,2sp,아이돌리쉬세븐,,,,,"로맨틱,섹슈얼","리쿠이오, 모모유키모모","소설,만화",https://dongne.co/event/vidol04/circles/105668
NEVERLAND,데스앙크,,2sp,앙스타,,,"이츠키 슈, 카게히라 미카",,"섹슈얼,로맨틱",,만화,https://dongne.co/event/vidol04/circles/142268
NEVERLAND,데스앙크,,2sp,앙상블 스타즈,,,"카게히라 미카, 이츠키 슈",카게히라 미카X이츠키 슈,"로맨틱,섹슈얼",,만화,https://dongne.co/event/vidol04/circles/142268
PIPO 샌드위치,달구,,1sp,앙상블 스타즈,,웨딩플랜 A to Z,"타카미네 미도리, 모리사와 치아키",타카미네 미도리X모리사와 치아키,"로맨틱,섹슈얼",,소설,https://dongne.co/event/vidol04/circles/142328
Platina Comet,트리아논,,2sp,앙상블스타즈,러브라이브,,유우키 마코토,,섹슈얼,,"만화,일러스트",https://dongne.co/event/vidol04/circles/104573
Pleistocene,알세닉,,1sp,앙상블스타즈,,,"타카미네 미도리, 모리사와 치아키",,로맨틱,,소설,https://dongne.co/event/vidol04/circles/117735
Rose Salad,MERE,,1sp,앙상블 스타즈,,,,,섹슈얼,,"만화,일러스트",https://dongne.co/event/vidol04/circles/141161
Royal Blue,MayChain,,1sp,앙상블스타즈,,,"사쿠마 리츠, 이사라 마오",사쿠마 리츠X이사라 마오,"로맨틱,섹슈얼",,만화,https://dongne.co/event/vidol04/circles/143812
Violet Fantasia,사현,,1sp,아이돌 마스터 신데렐라 걸즈,,,"칸자키 란코, 니노미야 아스카, 호죠 카렌, 닛타 미나미",칸자키 란코X니노미야 아스카,해당없음,"칸자키 란코&니노미야 아스카, 호죠 카렌&타케우치P",소설,https://dongne.co/event/vidol04/circles/109403
Yuletide,티스,,1sp,앙상블 스타즈!!,,,"이츠키슈, 텐쇼인에이치, 카게히라미카, HiMERU, 카제하야 타츠미",미카X슈,"로맨틱,섹슈얼,해당없음",히메타츠,소설,https://dongne.co/event/vidol04/circles/141833
가보자고~,꾸물,,2sp,데뷔못하면 죽는 병 걸림,,,박문대,선아현X박문대,로맨틱,,만화,https://dongne.co/event/vidol04/circles/143354
가오네 마라탕,신가오,,2sp,데뷔 못 하면 죽는 병 걸림,,실낙원,"청려, 박문대, 류건우",청려X박문대,"섹슈얼,로맨틱",청려건우,"만화,소설,일러스트",https://dongne.co/event/vidol04/circles/142918
감자튀김을 주문하면 피자가 따라와요,치토,,2sp,앙상블스타즈,,웨딩플랜 A to Z,"타카미네 미도리, 모리사와 치아키",타카미네 미도리X모리사와 치아키,,,소설,https://dongne.co/event/vidol04/circles/141521
경음부실 관짝뚜껑,iple,,1sp,,,,,,,,,https://dongne.co/event/vidol04/circles/109495
구름이뭉게뭉게,choco8342,,2sp,데못죽,,실낙원,문대,,"섹슈얼,로맨틱",,"만화,일러스트,기타",https://dongne.co/event/vidol04/circles/143281
군주님은 언제나 옳은쪽,POPRIKA,,2sp,앙상블스타즈,,,아마기린네,니키X린네,,미도치아,"만화,소설",https://dongne.co/event/vidol04/circles/144342
그들은실존한다,차차,,1sp,데뷔 못 하면 죽는 병 걸림,천재 아이돌의 연예계 공략법,,청려,청려X문대,"로맨틱,섹슈얼","아현문대, 요한라온, 결라온","소설,일러스트",https://dongne.co/event/vidol04/circles/120943
그렇게됐다,처럼,,1sp,앙상블스타즈,,,"텐쇼인 에이치, 후시미 유즈루",텐쇼인 에이치X후시미 유즈루,"로맨틱,섹슈얼",레이카오,소설,https://dongne.co/event/vidol04/circles/143888
그쪽동인이미지근한거겠죠,감티,,1sp,앙상블스타즈,,,"텐쇼인 에이치, 히비키 와타루",,로맨틱,,일러스트,https://dongne.co/event/vidol04/circles/148899
나는 부스를 준비할테니 님은 책을 내주세요,시야키,,2sp,킹 오브 프리즘,월드 트리거,,,,,,"만화,소설,일러스트",https://dongne.co/event/vidol04/circles/106090
나쵸치즈,나즈,,1sp,앙상블 스타즈,,,"아마기 린네, HiMERU",아마기 린네XHiMERU,로맨틱,,만화,https://dongne.co/event/vidol04/circles/146562
너무급해서부스명도생각안하고냅따지르는사람,팅,,1sp,데뷔 못하면 죽는 병 걸림,,실낙원,청려,청려X문대,,,"일러스트,기타",https://dongne.co/event/vidol04/circles/143528
네..제가테스타의일반인팬이맞습니다,자퇴봇,,2sp,,,,"선아현, 박문대, 청려",,"로맨틱,섹슈얼",,일러스트,https://dongne.co/event/vidol04/circles/120939
네이비드,이코즈,,2sp,앙상블스타즈!!,,,"츠키나가 레오, 세나 이즈미",,로맨틱,,만화,https://dongne.co/event/vidol04/circles/144086
네코마마,"레이카,마키시,시에",,2sp,데뷔 못하면 죽는 병 걸림,,,테스타,,,"테스타, 청려, 논커플링",,https://dongne.co/event/vidol04/circles/142792
넴,넴,,2sp,데못죽,앙상블스타즈,,올캐러,,,,,https://dongne.co/event/vidol04/circles/147460
놀그있네,놀그,,1sp,앙스타 앙상블 스타즈,,,카제하야 타츠미,,"로맨틱,섹슈얼",리츠하지리츠,"만화,일러스트",https://dongne.co/event/vidol04/circles/109588
농업회사법인 주식회사 눈복숭아 제작소,만델링,,2sp,아이돌리쉬 세븐,,,"유키, 모모",유키X모모,"로맨틱,섹슈얼",,,https://dongne.co/event/vidol04/circles/107410
눈꽃빙수 복숭아맛 1100그릇 주세요,유타페,,2sp,아이돌리쉬세븐,아이나나,,,,"로맨틱,섹슈얼",,"소설,만화",https://dongne.co/event/vidol04/circles/103914
다이아한상자,다야,,2sp,앙상블스타즈,,,카게히라미카 카제하야타츠미 히메루,,로맨틱,타츠미x히메루,만화,https://dongne.co/event/vidol04/circles/104736
달그림자,수월,,1sp,"츠키프로(츠키노 프로덕션), 츠키우타, VAZZROCK",,,,,해당없음,VAZZROCK 올캐러,소설,https://dongne.co/event/vidol04/circles/108306
달링의 특제 허니라떼,로파,,1sp,츠키프로,앙스타,,"타카무라 시키, 오쿠이 츠바사",,로맨틱,레이카오,소설,https://dongne.co/event/vidol04/circles/108549
대재앙 로맨스,"쌈, 곰찌",,2sp,데뷔 못 하면 죽는 병 걸림,,세진이네 아이돌 남자친구,"이세진, 배세진",이세진X배세진,"로맨틱,섹슈얼",큰세배세,"소설,만화",https://dongne.co/event/vidol04/circles/142982
댕댕이 행복추구협회,알레사,,1sp,데뷔 못 하면 죽는 병 걸림,,실낙원,"박문대, 청려, 류건우",청려X문대,로맨틱,청려건우,소설,https://dongne.co/event/vidol04/circles/142441
도토리카페,riri,,1sp,앙상블스타즈,,,나루카미아라시,,,,"만화,일러스트",https://dongne.co/event/vidol04/circles/144269
동인 실직의 현 주소,미꼬,,1sp,앙상블 스타즈!!,,,"사쿠마 리츠, 이사라 마오",사쿠마 리츠X이사라 마오,로맨틱,,소설,https://dongne.co/event/vidol04/circles/144875
뚜뚠따라,댁수,,1sp,데뷔 못 하면 죽는 병 걸림,킹프리,,큰세문대,,,카케타이,"만화,일러스트",https://dongne.co/event/vidol04/circles/143431
뚜벅초,장의사,,1sp,데뷔 못 하면 죽는 병에 걸림,오리지널,,박문대,문대X청려,"로맨틱,섹슈얼",,만화,https://dongne.co/event/vidol04/circles/108655
뛰어봤자 늦었어요,제파,,1sp,데못죽,,,,,해당없음,,,https://dongne.co/event/vidol04/circles/144592
러블리 큐트 하이에나 걸즈,"센디, 로디",,2sp,하나돌,"VAZZROCK, 도쿄 컬러소닉!",,Anthos*,,해당없음,,일러스트,https://dongne.co/event/vidol04/circles/143638
렌선 차돌박이 파티,"세렌, 신차돌",,2sp,데뷔 못 하면 죽는 병 걸림,,실낙원,"청려(신재현), 박문대",청려(신재현)X박문대,로맨틱,,소설,https://dongne.co/event/vidol04/circles/143251
로맨틱?? 로맨틱?! 로맨틱!!,코코아,,1sp,"아이나나, 아이돌리쉬세븐",,,"모모, 유키",모모유키,섹슈얼,,,https://dongne.co/event/vidol04/circles/108735
류청우에게 미친 여자들,먕,,2sp,데뷔못하면 죽는병 걸림,,,"테스타, 신재현, 류건우",청려X문대,"로맨틱,섹슈얼","청우×청려, 청우×문대, 아현×문대, 문대×청우, 청우른","만화,일러스트,소설",https://dongne.co/event/vidol04/circles/147432
마오가 고소한 부스,한아영,,2sp,앙상블 스타즈,,,이사라 마오,,"섹슈얼,로맨틱",,"소설,공예",https://dongne.co/event/vidol04/circles/148315
말랑사과문대,근,,1sp,데뷔 못 하면 죽는 병 걸림,,,테스타+청려,,해당없음,,일러스트,https://dongne.co/event/vidol04/circles/143508
메리미,메리,,1sp,데뷔 못 하면 죽는 병 걸림,,실낙원,"청려, 문대",청려X문대,,,소설,https://dongne.co/event/vidol04/circles/142614
몰또사와치아키 그만사와치아키,얀고,,1sp,앙상블스타즈,,,"모리사와치아키, 유성대",,,,"일러스트,공예",https://dongne.co/event/vidol04/circles/142688
무도가심 프로듀서,심서,,1sp,앙상블스타즈!!,,,나구모테토라,아마기 히이로X나구모 테토라,"로맨틱,섹슈얼","카오소마, 마다쿠로","만화,기타",https://dongne.co/event/vidol04/circles/141576
문대볼따구 박박문대,유마,,2sp,데뷔 못 하면 죽는 병 걸림,,,,X박문대,,,"만화,일러스트",https://dongne.co/event/vidol04/circles/143327
뭐라도 해볼부스,"세싹, 로렌",,2sp,앙상블 스타즈!!,,,나이츠,,해당없음,,일러스트,https://dongne.co/event/vidol04/circles/149138
미도치아이번에결혼함기사뜸,69,,1sp,앙상블 스타즈,,웨딩플랜 A to Z,"타카미네 미도리, 모리사와 치아키",,"로맨틱,섹슈얼",,만화,https://dongne.co/event/vidol04/circles/144560
민첩한 하루되세요^^,티피,,2sp,데뷔 못하면 죽는 병 걸림,,,"배세진, 박문대, 선아현, 이세진",,해당없음,,일러스트,https://dongne.co/event/vidol04/circles/148944
박문대둥기둥기,스댕,,2sp,데뷔 못하면 죽는 병 걸림,,,박문대,,"로맨틱,섹슈얼",문대른,,https://dongne.co/event/vidol04/circles/143679
박문대사랑해,루카팡,,1sp,데뷔 못 하면 죽는 병에 걸림,,실낙원,박문대른,,해당없음,박문대른,,https://dongne.co/event/vidol04/circles/142657
박문대의 앞뒤 사정에 대하여,미식가,,1sp,데뷔 못하면 죽는 병 걸림,,,박문대,박문대XAll,"섹슈얼,로맨틱","Allx박문대 , 박문대x큰세진","소설,일러스트",https://dongne.co/event/vidol04/circles/145070
박카스F,물고기이이,,1sp,앙상블스타즈,,,,,,,,https://dongne.co/event/vidol04/circles/104181
반남우상학회,쉬흘라,,2sp,아이돌마스터,,,,,,,"만화,소설,기타",https://dongne.co/event/vidol04/circles/104494
백수네 식탁,kyeng1001,,1sp,앙상블스타즈,,,,,"로맨틱,섹슈얼",리츠마오,소설,https://dongne.co/event/vidol04/circles/143768
별가루,별빛,,1sp,앙상블 스타즈,,,"시이나 니키, 아야세 마요이",시이나 니키X아야세 마요이,"로맨틱,섹슈얼","린히메, 카나카오",소설,https://dongne.co/event/vidol04/circles/141323
부스를 신청하면 뭐든 하지 않을까,sub,,1sp,앙상블 스타즈!!(앙스타),,,하스미 케이토,사쿠마 레이X하스미 케이토,"섹슈얼,로맨틱",쿠로케이,소설,https://dongne.co/event/vidol04/circles/105443
불꽃오뎅죽는병,우사링,,2sp,앙상블스타즈,데뷔 못하면 죽는 병,,"에덴, 유성대",,해당없음,,,https://dongne.co/event/vidol04/circles/144170
빠칭코에 계란후라이를 곁들인 부스,린치,,1sp,앙상블 스타즈!!,,,"아마기 린네, 시이나 니키",아마기 린네X시이나 니키,"로맨틱,섹슈얼",,"만화,일러스트",https://dongne.co/event/vidol04/circles/144014
뽀르네쥬,mayo,,2sp,"아이돌리쉬세븐, 프로젝트 세카이",,,"원더랜즈×쇼타임, 25시, 나이트코드에서.",,해당없음,,"일러스트,기타",https://dongne.co/event/vidol04/circles/149021
뿌잉뿌잉과 모순,멍선생Q,,1sp,데뷔 못하면 죽는 병 걸림,,,"박문대, 류청우, 선아현, 이세진, 배세진, 김래빈, 차유진",류청우X박문대,로맨틱,,"소설,공예",https://dongne.co/event/vidol04/circles/143398
쁘띠뽀짝,뽀짝쿵야,,1sp,데뷔 못 하면 죽는 병 걸림,,,박문대 류청우 배세진 이세진 선아현 김래빈 차유진 신재현,,,,"기타,일러스트",https://dongne.co/event/vidol04/circles/144226
사랑의 마법은 풀리지않아♪,악티,,1sp,앙상블 스타즈,,,,아오바 츠무기X사카사키 나츠메,"로맨틱,섹슈얼",,"만화,일러스트",https://dongne.co/event/vidol04/circles/145838
사랑의 트랩카드,갈릭,,2sp,앙상블스타즈,,,,사쿠마 레이X오오가미 코가,,,만화,https://dongne.co/event/vidol04/circles/104226
사쿠마 친근 위원회,키쿠,,1sp,앙스타(앙상블 스타즈!!),,,"사쿠마 레이, 사쿠마 리츠",사쿠마 레이X사쿠마 리츠,섹슈얼,,소설,https://dongne.co/event/vidol04/circles/147417
새벽의 끝,하얀,,1sp,데뷔 못하면 죽는 병 걸림,,실낙원,"청려, 박문대",청려X문대,"로맨틱,섹슈얼",,소설,https://dongne.co/event/vidol04/circles/145179
생선구이,냐꾸루,,1sp,앙상블 스타즈!,앙상블 스타즈!!,,"신카이 카나타, 모리사와 치아키",신카이 카나타X모리사와 치아키,로맨틱,,만화,https://dongne.co/event/vidol04/circles/103932
서로의 스붙재를 바라는 앙창모임,프피,,1sp,앙상블스타즈,,,"아마기 히이로, 아마기 린네",아마기 히이로X아마기 린네,로맨틱,코하마다,소설,https://dongne.co/event/vidol04/circles/107344
세상에 나쁜 게이트키퍼는 없다:세나게,세나게(유짖),,1sp,앙상블 스타즈,show by rock!!,,게이트키퍼,X게이트키퍼,섹슈얼,크로시안,"일러스트,기타,만화",https://dongne.co/event/vidol04/circles/142574
세상에 마상에,재활치료,,1sp,데못죽,,,박문대 선아현 이세진 배세진 류청우 류건우 차유진 김래빈 신청려,,해당없음,,일러스트,https://dongne.co/event/vidol04/circles/147441
소꿉친구 커플은 최고야,플레,,1sp,앙상블 스타즈,,,"이사라 마오, 사쿠마 리츠, 츠키나가 레오, 세나 이즈미",이사라 마오X사쿠마 리츠,"섹슈얼,로맨틱",레오이즈,"소설,기타",https://dongne.co/event/vidol04/circles/143241
소라공방,소라님,,2sp,데못죽,앙스타,,,,,,공예,https://dongne.co/event/vidol04/circles/148109
솔직히 카오치사 사귀는듯,커피,,1sp,뱅드림,,,"세타 카오루, 시라사기 치사토",카오루X치사토,로맨틱,미사카논,만화,https://dongne.co/event/vidol04/circles/103669
솜솜 옷장,솜솜,,2sp,앙상블 스타즈,,,,,,,공예,https://dongne.co/event/vidol04/circles/106574
슈퍼히어로망스,밍뿌,,2sp,앙상블스타즈!!,드리밍!,웨딩플랜 A to Z,모리사와 치아키,타카미네 미도리X모리사와 치아키,"섹슈얼,로맨틱",히이린,"만화,소설",https://dongne.co/event/vidol04/circles/107151
슬픈파이이야기,반점,,1sp,앙상블 스타즈!!,,,,세나 이즈미X스오우 츠카사,로맨틱,,만화,https://dongne.co/event/vidol04/circles/144849
신작이 아니면 죽음을!,강하,,2sp,데뷔못하면죽는병걸림,앙스타 등,,,,,,,https://dongne.co/event/vidol04/circles/145421
신탁받은 김치,신탁,,2sp,데뷔 못하면 죽는 병 걸림,,실낙원,,청려X문대,"로맨틱,섹슈얼",,"공예,일러스트,만화",https://dongne.co/event/vidol04/circles/143207
아마테라스오오카미권 초라부이~!,냐슈,,1sp,앙상블 스타즈!!,,,"아마기 히이로, 시라토리 아이라",아마기 히이로X시라토리 아이라,로맨틱,,"일러스트,기타",https://dongne.co/event/vidol04/circles/143498
아스카는 술도 스까 마시나요 후훗,YS하늘나래,,1sp,아이돌마스터 신데렐라 걸즈,,,"니노미야 아스카, 타카가키 카에데",X,,,소설,https://dongne.co/event/vidol04/circles/110210
아이도루,구구리,,2sp,앙상블스타즈,"데뷔 못 하면 죽는 병 걸림, 아이돌리쉬 세븐",,,,,,"일러스트,기타",https://dongne.co/event/vidol04/circles/141403
아이돌 Fan World,티진,,2sp,데못죽,,,테스타,,해당없음,"올 캐릭터, 테스타 브이틱","만화,일러스트,기타",https://dongne.co/event/vidol04/circles/144025
아이마스 공장,비랑대겅,,1sp,아이돌마스터,,,나카타니 이쿠,,해당없음,,만화,https://dongne.co/event/vidol04/circles/108477
아현이의 뜨개공방,에베,,2sp,데뷔 못하면 죽는병 걸림,앙스타,,,,,,,https://dongne.co/event/vidol04/circles/149087
앙드림으로 뭔가 해보겠습니다,파스텔토끼,,2sp,앙상블스타즈!,,,사쿠마레이,사쿠마레이X드림,로맨틱,논로맨틱 히비키 와타루 드림,"만화,소설",https://dongne.co/event/vidol04/circles/108472
앙상블회전문,히가,,2sp,앙상블 스타즈,,,크레이지비,세나 이즈미X츠키나가 레오,"로맨틱,해당없음",,"소설,기타",https://dongne.co/event/vidol04/circles/104954
앙스타는인생이다,시리,,1sp,앙상블 스타즈!!,,,사쿠마 리츠 이사라 마오,리츠X마오,로맨틱,,"만화,소설",https://dongne.co/event/vidol04/circles/143478
애플블로썸,소내,,1sp,"데뷔 못하면 죽는 병 걸림, 데못죽",,,,,,,,https://dongne.co/event/vidol04/circles/144067
어쩔큰배,"이재로, 해씨",,2sp,데뷔 못 하면 죽는 병 걸림,,세진이네 아이돌 남자친구,"이세진, 배세진",이세진X배세진,"로맨틱,섹슈얼",,"만화,일러스트,소설",https://dongne.co/event/vidol04/circles/147196
엄마나아이돌좋아해,히스,,2sp,데뷔 못하면 죽는 병 걸림,,실낙원,박문대,,,,"만화,소설",https://dongne.co/event/vidol04/circles/144306
업보,레이지빈,,2sp,데뷔 못하면 죽는 병 걸림,,실낙원,"청려, 박문대",,"로맨틱,섹슈얼",,"만화,일러스트,소설,기타",https://dongne.co/event/vidol04/circles/143271
엋려다 마주친 곰대,쮕,,1sp,데뷔 못 하면 죽는 병 걸림,,실낙원,"청려,박문대",청려X문대,로맨틱,,만화,https://dongne.co/event/vidol04/circles/142576
연어볶음,복듀직서,,1sp,뱅드림! 걸즈 밴드 파티!,"아이돌 마스터 샤이니 컬러즈, 아이돌 마스터 신데렐라 걸즈",,"토야마 카스미, 이치가야 아리사, 토야마 아스카, 아사히 롯카, 히구치 마도카, 아사쿠라 토오루",토야마 카스미X이치가야 아리사,"로맨틱,섹슈얼","토야마 아스카×아사히 롯카, 히구치 마도카×아사쿠라 토오루/카스아리, 아스롯카, 마도토오마도","만화,일러스트",https://dongne.co/event/vidol04/circles/120874
연하공 보호 협회,갓만,,1sp,앙상블스타즈!!,,,"스오우 츠카사, 세나 이즈미",스오우 츠카사X세나 이즈미,로맨틱,,,https://dongne.co/event/vidol04/circles/144203
옆방인데 조용히 좀 해주세요,"불불,타분",,2sp,아이돌리쉬세븐,,,"니카이도야마토,이즈미미츠키,요츠바타마키,오오사카소고",요츠바타마키X오오사카소고,로맨틱,야마미츠,만화,https://dongne.co/event/vidol04/circles/103999
오 히어로는 쉽지 않아요!,다시마,,1sp,앙상블 스타즈!!,,웨딩플랜 A to Z,"타카미네 미도리, 모리사와 치아키",타카미네 미도리X모리사와 치아키,로맨틱,,"만화,기타",https://dongne.co/event/vidol04/circles/144552
"오늘 납신다 멩챠, 하신다",몽챠,,2sp,데뷔 못 하면 죽는 병 걸림,,실낙원,"청려, 신재현, 박문대, 류건우",청려X문대,로맨틱,,소설,https://dongne.co/event/vidol04/circles/142359
오늘의 연애 전선,다지,,2sp,데뷔 못 하면 죽는 병 걸림,,실낙원,신재현,신재현X박문대,로맨틱,,"만화,일러스트,소설",https://dongne.co/event/vidol04/circles/143515
온새미로,새미,,1sp,데뷔 못 하면 죽는 병 걸림,,,,,로맨틱,,,https://dongne.co/event/vidol04/circles/144278
와캇테 와칸나이,버섯볶음,,1sp,아이돌마스터 sideM,아이돌마스터(타 시리즈),,카부토 다이고,카부토 다이고X미타라이 쇼타,"로맨틱,섹슈얼","p돌, 혹은 겐스자...혹은 모브돌..이 나올수도 안나올수도","만화,기타",https://dongne.co/event/vidol04/circles/149266
우당탕탕 펑크 앙☆I7,날씨,,2sp,앙상블스타즈!!,아이돌리쉬 세븐,,"카게히라 미카, 이츠키 슈, 유키, 모모",카게히라 미카X이츠키 슈,섹슈얼,"유키모모, 반모모",소설,https://dongne.co/event/vidol04/circles/146953
우리가 사귀는게 이상한가요?,호랭,,2sp,프로젝트 세카이,,,"아키토, 안, 츠카사, 루이, 에무, 네네",아키토X안,"로맨틱,해당없음",,"소설,만화",https://dongne.co/event/vidol04/circles/141914
유칼립투스 숲,류하,,2sp,데뷔 못 하면 죽는 병 걸림,,,,,,,,https://dongne.co/event/vidol04/circles/143314
유칼립투투스,유칼립투스,,2sp,데못죽,,,,,,,"일러스트,기타",https://dongne.co/event/vidol04/circles/144131
으아아,00,,1sp,앙상블스타즈,,,,,,,,https://dongne.co/event/vidol04/circles/144021
이거 수정 되는거져?,bb,,1sp,앙상블스타즈,,,아마기 린네,,섹슈얼,,"소설,만화",https://dongne.co/event/vidol04/circles/107192
이름 잘 짓고 싶다,구슬,,1sp,데뷔못하면 죽는병걸림,,,,,,,,https://dongne.co/event/vidol04/circles/141493
이정도로진심이될줄과거의저는몰랐죠,아메,,1sp,데뷔 못하면 죽는 병 걸림,,,류청우,,"로맨틱,섹슈얼",,"소설,공예",https://dongne.co/event/vidol04/circles/143855
인간의 빛나는 선동과 날조로!,물,,1sp,데뷔 못 하면 죽는 병 걸림,,,"차유진, 김래빈",차유진X김래빈,,,,https://dongne.co/event/vidol04/circles/148621
일단부스잡고보자,우,,2sp,,,,,,,,,https://dongne.co/event/vidol04/circles/147286
일단은 뭔가가 나옴,리에,,1sp,앙상블스타즈,,,,,,,,https://dongne.co/event/vidol04/circles/143449
임시,"gram, ボン",,2sp,아이돌 마스터,"프로젝트 세카이,",,.,.X.,해당없음,.,만화,https://dongne.co/event/vidol04/circles/107770
자몽공방,자몽공방,,2sp,데뷔 못하면 죽는 병 걸림(데못죽),앙상블 스타즈(앙스타),,,,,,"공예,조형,기타",https://dongne.co/event/vidol04/circles/144376
잠은죽어서자는것이다,청가,,1sp,데뷔 못하면 죽는 병 걸림,앙상블스타즈,,,,,,,https://dongne.co/event/vidol04/circles/148746
잡식 스타즈,잔삼,,1sp,앙상블 스타즈!!,,,"스오우 츠카사, 츠키나가 레오",,로맨틱,미정,"만화,일러스트",https://dongne.co/event/vidol04/circles/148596
장르가 indivisuals,사날,,2sp,아이돌마스터 신데렐라 걸즈,좀비 랜드 사가,,"호시 쇼코, 모리쿠보 노노, 하야사카 미레이",,해당없음,,기타,https://dongne.co/event/vidol04/circles/147217
장르증발 혼란부스,라미,,1sp,아이돌리쉬세븐,,,,,,,,https://dongne.co/event/vidol04/circles/148365
좌문대 우청우,Kim B,,1sp,대뷔 못하면 죽는 병걸림,,,류청우,박문대X류청우,섹슈얼,유진청우,"만화,소설",https://dongne.co/event/vidol04/circles/143360
주먹밥가게,신남,,2sp,앙상블 스타즈!!,,,"ALKALOID, Crazy:B",아마기 히이로X시라토리 아이라,,,만화,https://dongne.co/event/vidol04/circles/105103
진세이와 판타스틱 마감와 무겐다이!!!!!!!,미쿠리,,2sp,아이돌리쉬세븐,,,,유키X모모,로맨틱,"리쿠이오, 가쿠츠무",,https://dongne.co/event/vidol04/circles/148540
차원이 다른 아이돌,컨뿌,,2sp,데뷔 못하면 죽는 병 걸림,king of prism,,테스타,박문대X큰세진,"로맨틱,섹슈얼","유진래빈, 래빈유진","만화,일러스트",https://dongne.co/event/vidol04/circles/144127
청려야 문대를 밀문 대 안대?,라야,,1sp,데뷔 못 하면 죽는 병 걸림,,실낙원,"청려, 박문대",청려X문대,로맨틱,,소설,https://dongne.co/event/vidol04/circles/142082
초록은 적이다 카가미네 일가!,Arles,,2sp,보컬로이드,,,"카가미네린, 카가미네렌",,,,만화,https://dongne.co/event/vidol04/circles/143912
축전 받으려고 책 내는 부스,스나오,,2sp,앙상블 스타즈!!뮤직,"아이돌리쉬 세븐,노래의 왕자님",,"아마기 히이로,시라토리 아이라,오오사카 소고,요츠바 타마키",아마기 히이로X시라토리 아이라,"해당없음,로맨틱","타마소우,렌마사,레이코가","소설,만화",https://dongne.co/event/vidol04/circles/106653
취향대로,산송장,,2sp,앙상블스타즈!,,,,,,,,https://dongne.co/event/vidol04/circles/106924
타르타르소스,TR,,1sp,show by rock,,,,죠X야스,로맨틱,,소설,https://dongne.co/event/vidol04/circles/142534
타츠마요 앤솔로지,동풍,,1sp,앙상블스타즈!!,,,"카제하야 타츠미,아야세 마요이",,로맨틱,,만화,https://dongne.co/event/vidol04/circles/143924
탈앙실패,의성 / 서중,,1sp,앙상블 스타즈!!,,,아마기 히이로,아마기 히이로X시라토리 아이라,로맨틱,,"만화,소설",https://dongne.co/event/vidol04/circles/143601
테스타는 가족이다,귤린,,1sp,데뷔 못 하면 죽은 병 걸림,,실낙원,박문대,,해당없음,,,https://dongne.co/event/vidol04/circles/120922
토끼나라,Nia,,1sp,데뷔못하면죽는병,,실낙원,문대,청려X문대,,문대른,소설,https://dongne.co/event/vidol04/circles/148557
토마토없는햄버거집,햄버거,,1sp,데뷔 못 하면 죽는 병 걸림,,세진이네 아이돌 남자친구,,이세진X배세진,"로맨틱,섹슈얼",선아현X박문대,"일러스트,만화",https://dongne.co/event/vidol04/circles/143335
통장 전부 꼴아박아요.,땅콩아저씨,,1sp,아이돌 마스터 밀리언 라이브!,,,"마카베 미즈키, 코우사카 우미 外",,,,,https://dongne.co/event/vidol04/circles/103560
펑크를 내지말자,냥씨,,1sp,쇼바이락,,,시안,,,,"일러스트,만화",https://dongne.co/event/vidol04/circles/106886
폼푸엉디,폼폼,,2sp,앙상블 스타즈!!,,,"아마기 히이로, 시라토리 아이라",,,,,https://dongne.co/event/vidol04/circles/143349
푸딩가게,마가린,,1sp,킹 오브 프리즘,,,알렉산더,,로맨틱,타이알렉,만화,https://dongne.co/event/vidol04/circles/105484
현왕선왕 츄라이,루우,,1sp,앙상블스타즈,,,"스오우 츠카사, 츠키나가 레오",스오우 츠카사X츠키나가 레오,로맨틱,,,https://dongne.co/event/vidol04/circles/108221
화양연화,김시아,,2sp,아이돌마스터(데레스테),"앙스타,보컬로이드",,안키라,,,,,https://dongne.co/event/vidol04/circles/144580
"확보된 부스, 예상한 마감, 확실한 쵱컾",숭늉,,1sp,데뷔 못하면 죽는 병 걸림,,실낙원,박문대,청려X문대,섹슈얼,유진래빈,소설,https://dongne.co/event/vidol04/circles/142384
